student_id,gender,school_type,city,parent_education,study_hours,attendance,sleep_hours,activities,internet,math,science,arabic,english
S0001,أنثى,حكومية,الدمام,دراسات عليا,6.7,90.0,6.4,لا,نعم,63,65,74,68
S0002,ذكر,أهلية,الرياض,جامعي,8.8,84.9,8.3,نعم,نعم,70,67,62,76
S0003,أنثى,حكومية,الرياض,ثانوي,9.4,100,9.1,لا,نعم,70,76,79,65
S0004,ذكر,أهلية,جدة,ابتدائي,13.7,100,4,نعم,نعم,69,66,79,79
S0005,أنثى,حكومية,الدمام,ابتدائي,20.8,93.3,7.6,نعم,نعم,90,93,96,91
S0006,ذكر,أهلية,أبها,ثانوي,13.6,84.4,5.3,لا,نعم,70,77,78,71
S0007,أنثى,حكومية,الدمام,ثانوي,8.6,83.4,4.3,لا,نعم,59,63,73,52
S0008,ذكر,أهلية,أبها,ثانوي,20.8,82.9,6.1,نعم,نعم,66,78,73,87
S0009,أنثى,أهلية,الرياض,ابتدائي,13.4,98.1,7.9,نعم,نعم,67,65,68,71
S0010,ذكر,حكومية,الرياض,ثانوي,,73.8,6.1,لا,نعم,71,62,62,43
S0011,أنثى,أهلية,الدمام,ثانوي,14.5,88.0,5.3,لا,نعم,64,51,64,77
S0012,أنثى,أهلية,جدة,جامعي,6.2,83.1,5.9,لا,نعم,72,62,67,61
S0013,أنثى,أهلية,جدة,ابتدائي,12.5,86.0,6.0,نعم,نعم,43,48,62,63
S0014,أنثى,حكومية,جدة,دراسات عليا,9.6,80.7,7.8,لا,نعم,63,49,70,55
S0015,أنثى,حكومية,الرياض,جامعي,17.1,77.7,7.8,نعم,نعم,67,75,70,62
S0016,ذكر,حكومية,الدمام,ابتدائي,21.0,91.2,8.7,لا,نعم,83,83,86,82
S0017,أنثى,حكومية,الرياض,جامعي,5.8,91.7,5.9,لا,نعم,44,51,61,50
S0018,أنثى,حكومية,الرياض,جامعي,5.7,86.6,7.0,لا,لا,55,45,58,54
S0019,أنثى,حكومية,الدمام,جامعي,16.0,69.6,5.4,نعم,نعم,54,56,70,77
S0020,ذكر,أهلية,الدمام,ثانوي,19.3,79.6,6.7,نعم,نعم,69,73,79,76
S0021,أنثى,أهلية,جدة,ابتدائي,16.1,95.8,6.7,لا,لا,55,55,61,69
S0022,ذكر,حكومية,الدمام,جامعي,7.0,85.5,5.4,لا,نعم,71,66,69,64
S0023,ذكر,حكومية,الرياض,دراسات عليا,6.0,87.2,7.4,لا,نعم,46,53,71,50
S0024,أنثى,حكومية,الرياض,جامعي,17.1,82.7,6.7,لا,لا,69,70,78,75
S0025,أنثى,حكومية,جدة,ابتدائي,12.2,83.9,6.2,نعم,نعم,52,64,62,58
S0026,ذكر,حكومية,الرياض,جامعي,3.5,77.8,7.2,لا,لا,52,73,69,84
S0027,أنثى,أهلية,جدة,ثانوي,20.2,96.7,5.3,نعم,نعم,85,85,85,75
S0028,ذكر,أهلية,جدة,جامعي,9.7,83.2,7.5,نعم,نعم,59,64,72,75
S0029,ذكر,حكومية,جدة,ابتدائي,16.3,85.3,7.1,لا,نعم,58,61,64,48
S0030,ذكر,حكومية,الدمام,ثانوي,14.0,96.3,9.3,لا,نعم,72,75,79,73
S0031,أنثى,أهلية,الدمام,جامعي,14.1,73.5,5.1,لا,نعم,66,62,73,71
S0032,أنثى,حكومية,جدة,جامعي,9.9,83.9,8.5,نعم,نعم,54,62,75,62
S0033,ذكر,حكومية,الرياض,جامعي,10.7,81.9,6.7,نعم,نعم,61,77,64,61
S0034,ذكر,حكومية,جدة,جامعي,17.0,93.0,7.0,لا,نعم,76,82,79,73
S0035,ذكر,حكومية,الرياض,ثانوي,9.4,99.4,6.2,لا,نعم,63,68,76,75
S0036,ذكر,حكومية,الرياض,دراسات عليا,12.8,86.9,8.0,لا,لا,48,63,69,56
S0037,ذكر,حكومية,جدة,جامعي,7.8,89.5,8.3,نعم,نعم,62,71,70,65
S0038,ذكر,أهلية,الرياض,جامعي,11.2,91.9,8.5,لا,نعم,59,58,64,64
S0039,أنثى,أهلية,الرياض,دراسات عليا,13.5,86.4,7.8,نعم,نعم,70,75,87,86
S0040,أنثى,حكومية,جدة,ثانوي,7.9,99.0,7.2,نعم,لا,59,57,63,63
S0041,ذكر,أهلية,الدمام,ثانوي,3.1,84.0,8.0,نعم,نعم,51,53,51,53
S0042,ذكر,حكومية,الرياض,ثانوي,9.9,85.2,6.4,لا,نعم,63,80,75,74
S0043,ذكر,أهلية,أبها,دراسات عليا,2.7,93.5,6.7,نعم,لا,60,69,65,73
S0044,أنثى,حكومية,الرياض,جامعي,3.3,84.2,6.4,لا,لا,53,50,48,45
S0045,ذكر,حكومية,جدة,جامعي,11.5,84.7,8.6,لا,نعم,78,83,77,69
S0046,ذكر,أهلية,الدمام,ثانوي,4.1,100,6.4,لا,نعم,57,52,63,51
S0047,ذكر,أهلية,الرياض,دراسات عليا,7.1,80.5,6.5,نعم,نعم,43,29,50,55
S0048,أنثى,أهلية,جدة,ابتدائي,11.6,91.7,5.9,نعم,نعم,39,47,61,59
S0049,أنثى,حكومية,جدة,جامعي,13.0,93.0,6.9,لا,نعم,77,70,81,90
S0050,ذكر,أهلية,جدة,ثانوي,,90.5,8.9,نعم,نعم,61,85,69,67
S0051,أنثى,أهلية,جدة,جامعي,10.2,85.1,7.5,نعم,نعم,56,56,75,84
S0052,أنثى,أهلية,جدة,جامعي,13.4,85.0,6.8,نعم,نعم,84,77,87,80
S0053,ذكر,حكومية,الرياض,جامعي,12.6,97.7,6.4,لا,نعم,75,75,70,74
S0054,أنثى,حكومية,الرياض,ثانوي,21.7,84.9,6.9,نعم,نعم,67,73,96,76
S0055,ذكر,حكومية,الرياض,ثانوي,6.9,86.3,6.4,لا,نعم,61,59,75,60
S0056,ذكر,حكومية,جدة,ابتدائي,17.2,94.7,6.8,نعم,لا,66,68,72,67
S0057,ذكر,حكومية,الرياض,جامعي,5.9,77.1,7.5,نعم,نعم,39,55,63,47
S0058,أنثى,حكومية,جدة,ثانوي,11.1,84.9,6.1,لا,لا,67,73,74,58
S0059,أنثى,حكومية,الرياض,دراسات عليا,4.6,86.7,7.4,لا,نعم,58,60,56,51
S0060,أنثى,حكومية,الرياض,ابتدائي,15.2,87.3,8.1,لا,نعم,77,54,72,55
S0061,أنثى,أهلية,الرياض,ثانوي,4.1,81.3,7.5,نعم,نعم,73,61,65,62
S0062,أنثى,حكومية,الرياض,جامعي,15.8,88.5,6.4,نعم,نعم,66,73,74,70
S0063,ذكر,حكومية,الدمام,دراسات عليا,6.4,82.7,5.7,لا,نعم,41,65,74,51
S0064,ذكر,أهلية,أبها,جامعي,5.7,86.7,7.8,نعم,نعم,54,50,63,57
S0065,أنثى,حكومية,الرياض,جامعي,11.2,89.6,6.5,نعم,نعم,57,62,76,49
S0066,أنثى,أهلية,جدة,ثانوي,12.4,77.7,7.4,لا,نعم,58,60,66,71
S0067,ذكر,أهلية,جدة,ثانوي,6.9,96.3,7.3,لا,نعم,78,59,68,72
S0068,ذكر,حكومية,جدة,جامعي,7.6,95.2,8.1,لا,نعم,83,93,89,82
S0069,ذكر,أهلية,الرياض,جامعي,16.1,97.3,8.1,نعم,نعم,74,74,85,88
S0070,أنثى,حكومية,جدة,دراسات عليا,9.5,84.9,6.2,لا,نعم,91,89,79,82
S0071,ذكر,حكومية,جدة,ثانوي,11.7,84.8,6.6,نعم,نعم,77,87,82,74
S0072,أنثى,أهلية,جدة,ثانوي,15.2,97.2,6.4,لا,نعم,55,69,72,67
S0073,ذكر,حكومية,جدة,جامعي,11.5,96.6,7.3,لا,نعم,60,69,65,60
S0074,ذكر,أهلية,الدمام,ثانوي,11.5,89.2,5.8,نعم,نعم,73,70,64,66
S0075,أنثى,حكومية,الدمام,ابتدائي,9.8,98.2,6.1,لا,نعم,63,68,73,72
S0076,أنثى,حكومية,الرياض,ثانوي,15.3,100,8.2,لا,لا,65,80,86,78
S0077,أنثى,حكومية,الرياض,ثانوي,13.7,89.0,8.9,لا,نعم,65,71,66,75
S0078,ذكر,حكومية,جدة,ابتدائي,5.1,94.6,7.9,لا,لا,61,54,56,66
S0079,أنثى,حكومية,جدة,ثانوي,9.7,86.5,7.2,لا,نعم,74,68,75,63
S0080,ذكر,حكومية,الرياض,ثانوي,14.1,88.6,6.9,لا,نعم,71,79,86,73
S0081,ذكر,حكومية,الرياض,ثانوي,9.4,90.2,7.7,لا,نعم,55,64,69,62
S0082,أنثى,حكومية,الرياض,جامعي,17.6,97.4,6.9,لا,نعم,87,100,93,95
S0083,أنثى,حكومية,الرياض,ثانوي,13.6,88.5,6.0,لا,لا,47,45,63,66
S0084,ذكر,حكومية,جدة,جامعي,15.5,92.5,6.7,نعم,نعم,73,80,77,80
S0085,أنثى,حكومية,الرياض,ثانوي,10.0,90.1,5.5,لا,نعم,50,61,67,59
S0086,ذكر,حكومية,جدة,ثانوي,11.0,89.7,5.7,لا,نعم,76,82,72,64
S0087,ذكر,أهلية,الرياض,جامعي,7.3,82.3,6.2,لا,نعم,59,60,70,72
S0088,ذكر,حكومية,الرياض,ثانوي,12.0,100,7.0,لا,نعم,62,74,72,70
S0089,ذكر,حكومية,الدمام,ثانوي,14.3,83.5,6.6,لا,لا,53,59,50,51
S0090,ذكر,حكومية,الرياض,ثانوي,11.0,95.1,7.6,نعم,نعم,82,84,87,82
S0091,أنثى,أهلية,الرياض,جامعي,16.1,90.0,5.0,نعم,نعم,67,65,71,86
S0092,ذكر,حكومية,الرياض,جامعي,4.2,77.5,7.2,نعم,نعم,47,51,45,41
S0093,ذكر,حكومية,الرياض,جامعي,1.7,99.3,,لا,نعم,57,72,70,61
S0094,ذكر,حكومية,الدمام,ثانوي,7.7,100,7.5,نعم,نعم,67,63,67,55
S0095,أنثى,حكومية,الرياض,دراسات عليا,12.5,97.3,7.7,نعم,نعم,76,78,88,89
S0096,أنثى,حكومية,الدمام,دراسات عليا,11.8,91.0,7.5,لا,نعم,71,81,87,73
S0097,ذكر,حكومية,الرياض,ثانوي,20.3,82.0,8.2,لا,نعم,76,76,82,76
S0098,أنثى,حكومية,الدمام,ابتدائي,15.6,100,8.3,لا,نعم,66,84,87,66
S0099,ذكر,حكومية,الرياض,جامعي,11.0,100,8.4,نعم,نعم,69,69,78,84
S0100,ذكر,حكومية,الرياض,ابتدائي,,99.3,7.4,لا,نعم,75,77,77,80
S0101,أنثى,حكومية,أبها,جامعي,15.7,86.4,7.7,لا,نعم,53,76,75,75
S0102,أنثى,حكومية,الرياض,دراسات عليا,11.1,92.6,4.9,نعم,نعم,79,82,82,74
S0103,ذكر,حكومية,الرياض,ابتدائي,15.0,77.6,5.4,نعم,نعم,52,57,66,61
S0104,ذكر,حكومية,أبها,دراسات عليا,14.2,95.3,8.8,نعم,نعم,67,87,96,94
S0105,ذكر,حكومية,الدمام,دراسات عليا,15.3,75.4,4,نعم,لا,54,68,56,58
S0106,أنثى,حكومية,الدمام,ابتدائي,4.2,83.2,6.2,لا,لا,31,42,52,41
S0107,أنثى,حكومية,أبها,جامعي,13.8,84.5,7.5,لا,نعم,89,84,83,85
S0108,أنثى,حكومية,جدة,ثانوي,17.0,88.7,6.4,نعم,نعم,80,84,84,73
S0109,ذكر,حكومية,جدة,ثانوي,16.4,100,6.4,نعم,نعم,69,74,64,72
S0110,ذكر,أهلية,الدمام,ثانوي,9.9,82.4,6.2,لا,نعم,51,51,66,59
S0111,أنثى,حكومية,الرياض,ثانوي,11.4,96.5,7.9,لا,نعم,65,72,79,66
S0112,ذكر,أهلية,الدمام,جامعي,,87.0,7.4,نعم,نعم,57,58,78,58
S0113,أنثى,حكومية,الرياض,ثانوي,9.5,98.9,4.7,لا,لا,51,42,50,26
S0114,أنثى,حكومية,الرياض,ثانوي,15.9,87.6,6.6,نعم,نعم,75,81,73,64
S0115,ذكر,أهلية,الرياض,ابتدائي,10.1,88.3,8.7,لا,نعم,41,50,63,64
S0116,أنثى,حكومية,الرياض,ابتدائي,17.6,93.1,6.5,نعم,نعم,83,91,84,80
S0117,ذكر,حكومية,الرياض,دراسات عليا,6.0,86.7,5.3,لا,نعم,54,59,55,38
S0118,أنثى,حكومية,الرياض,ثانوي,19.5,85.6,7.2,نعم,نعم,81,82,76,79
S0119,ذكر,حكومية,جدة,جامعي,15.1,83.4,6.4,نعم,نعم,71,81,80,82
S0120,أنثى,حكومية,الرياض,جامعي,9.6,91.3,,نعم,نعم,70,66,83,72
S0121,ذكر,أهلية,جدة,ثانوي,7.1,83.6,6.5,لا,نعم,53,65,73,72
S0122,ذكر,حكومية,الرياض,جامعي,7.6,91.8,6.8,لا,لا,51,68,65,47
S0123,أنثى,حكومية,الرياض,جامعي,18.9,83.0,9.5,لا,نعم,78,75,80,62
S0124,ذكر,حكومية,الرياض,جامعي,7.1,94.1,6.5,نعم,نعم,72,74,68,58
S0125,أنثى,أهلية,الدمام,جامعي,15.5,85.4,5.8,لا,نعم,69,74,74,82
S0126,أنثى,حكومية,الرياض,ثانوي,12.9,84.3,7.0,لا,نعم,61,66,61,56
S0127,ذكر,حكومية,الدمام,جامعي,0,90.7,6.2,نعم,نعم,56,61,77,67
S0128,أنثى,حكومية,الرياض,جامعي,23.3,85.3,5.8,نعم,نعم,74,92,94,83
S0129,أنثى,حكومية,جدة,دراسات عليا,13.3,73.6,8.6,نعم,نعم,69,72,80,64
S0130,ذكر,حكومية,الرياض,دراسات عليا,10.2,81.5,8.1,نعم,نعم,51,57,62,62
S0131,أنثى,حكومية,جدة,ثانوي,2.3,87.1,8.2,لا,نعم,64,61,67,54
S0132,أنثى,أهلية,جدة,ثانوي,13.3,82.3,6.0,لا,لا,53,59,68,83
S0133,ذكر,حكومية,الرياض,دراسات عليا,16.2,94.2,9.4,نعم,لا,90,92,100,95
S0134,ذكر,أهلية,الرياض,جامعي,16.4,92.6,7.5,نعم,نعم,81,79,88,91
S0135,ذكر,حكومية,أبها,ابتدائي,9.6,94.9,6.2,لا,لا,49,32,54,43
S0136,ذكر,حكومية,أبها,دراسات عليا,16.2,93.0,7.3,نعم,لا,73,75,83,64
S0137,ذكر,أهلية,الرياض,ابتدائي,19.1,93.9,9.1,نعم,نعم,85,78,82,92
S0138,ذكر,حكومية,الرياض,ثانوي,13.3,84.6,7.5,لا,نعم,69,80,76,79
S0139,أنثى,حكومية,الدمام,ثانوي,8.6,99.3,6.1,لا,نعم,53,60,48,66
S0140,ذكر,أهلية,الرياض,ثانوي,,98.6,7.2,لا,نعم,61,67,68,80
S0141,أنثى,حكومية,أبها,دراسات عليا,14.6,92.3,9.0,لا,نعم,71,75,76,65
S0142,ذكر,أهلية,الرياض,دراسات عليا,6.4,90.2,7.6,لا,نعم,66,71,74,79
S0143,ذكر,حكومية,الدمام,جامعي,0,84.8,7.7,نعم,نعم,59,52,63,60
S0144,ذكر,أهلية,الرياض,ثانوي,3.3,78.7,6.3,لا,لا,44,40,54,53
S0145,أنثى,حكومية,الرياض,ثانوي,14.3,79.0,6.3,نعم,نعم,58,58,58,51
S0146,أنثى,حكومية,الرياض,دراسات عليا,8.0,84.0,5.8,نعم,لا,63,51,63,52
S0147,أنثى,حكومية,جدة,جامعي,13.1,98.5,8.5,نعم,نعم,85,99,86,92
S0148,أنثى,حكومية,جدة,ثانوي,6.2,82.9,6.5,لا,نعم,58,56,59,56
S0149,ذكر,أهلية,جدة,ثانوي,15.9,82.6,5.7,لا,نعم,64,81,71,75
S0150,ذكر,أهلية,الرياض,دراسات عليا,,81.9,7.5,لا,نعم,64,60,70,85
S0151,أنثى,أهلية,أبها,جامعي,22.3,78.2,6.8,لا,نعم,74,70,82,89
S0152,ذكر,حكومية,أبها,جامعي,,93.8,7.2,لا,نعم,63,65,72,74
S0153,ذكر,حكومية,جدة,جامعي,12.2,75.8,6.0,نعم,نعم,51,47,59,73
S0154,ذكر,حكومية,الدمام,دراسات عليا,11.7,80.9,6.8,لا,نعم,65,73,79,68
S0155,أنثى,حكومية,جدة,ابتدائي,16.9,90.4,4.4,لا,نعم,61,70,71,62
S0156,ذكر,حكومية,الرياض,جامعي,21.0,81.5,7.0,لا,نعم,82,83,94,91
S0157,ذكر,حكومية,أبها,جامعي,6.3,78.0,5.9,نعم,نعم,55,55,65,57
S0158,أنثى,حكومية,الدمام,جامعي,12.3,79.9,6.0,لا,نعم,53,56,58,53
S0159,أنثى,حكومية,الرياض,دراسات عليا,16.0,80.6,6.2,لا,نعم,66,79,67,66
S0160,أنثى,أهلية,جدة,جامعي,8.0,90.4,5.9,نعم,نعم,60,76,66,73
S0161,أنثى,أهلية,أبها,دراسات عليا,13.6,80.1,6.1,نعم,نعم,49,49,55,66
S0162,ذكر,أهلية,الرياض,ثانوي,10.8,86.6,5.4,نعم,نعم,49,79,76,87
S0163,ذكر,أهلية,الدمام,ثانوي,4.3,81.2,7.1,لا,نعم,32,39,50,47
S0164,ذكر,أهلية,جدة,ثانوي,5.4,84.0,6.3,لا,نعم,49,66,58,62
S0165,ذكر,أهلية,جدة,جامعي,15.5,85.9,,نعم,نعم,69,64,73,81
S0166,أنثى,حكومية,الرياض,ابتدائي,8.7,100,,نعم,نعم,65,56,70,72
S0167,ذكر,أهلية,الرياض,ثانوي,8.8,76.1,5.8,نعم,نعم,53,70,65,67
S0168,أنثى,حكومية,جدة,ثانوي,17.0,86.4,5.9,لا,لا,68,74,73,63
S0169,أنثى,حكومية,جدة,ثانوي,12.2,85.6,6.9,لا,نعم,62,64,59,78
S0170,أنثى,حكومية,جدة,ابتدائي,11.5,83.3,6.8,لا,نعم,65,78,72,75
S0171,أنثى,حكومية,الرياض,ثانوي,9.2,84.5,8.6,لا,نعم,78,66,73,65
S0172,أنثى,حكومية,الرياض,جامعي,6.5,89.9,5.1,لا,نعم,53,58,64,47
S0173,ذكر,أهلية,أبها,جامعي,8.0,75.7,5.9,لا,نعم,64,51,65,64
S0174,ذكر,حكومية,الرياض,جامعي,0,85.4,10,نعم,نعم,63,66,62,60
S0175,ذكر,حكومية,الرياض,ثانوي,0.5,91.9,6.6,نعم,نعم,39,45,58,49
S0176,أنثى,أهلية,الدمام,ثانوي,18.7,85.3,8.3,نعم,نعم,79,80,96,89
S0177,أنثى,حكومية,جدة,ثانوي,16.8,86.2,6.9,نعم,نعم,83,84,85,81
S0178,ذكر,حكومية,الرياض,ثانوي,14.6,86.8,6.6,لا,نعم,81,89,93,74
S0179,ذكر,حكومية,الرياض,جامعي,9.3,88.1,5.9,لا,نعم,66,63,67,66
S0180,أنثى,حكومية,الدمام,ثانوي,13.1,77.7,7.0,لا,نعم,68,68,62,69
S0181,ذكر,أهلية,الرياض,ابتدائي,12.3,84.0,7.2,نعم,نعم,62,65,73,61
S0182,أنثى,حكومية,الرياض,ثانوي,15.0,91.5,6.6,نعم,نعم,70,75,68,67
S0183,ذكر,حكومية,الرياض,ثانوي,21.4,89.0,6.1,لا,لا,60,76,69,77
S0184,أنثى,حكومية,الدمام,جامعي,14.2,75.9,7.6,نعم,لا,70,71,64,45
S0185,ذكر,أهلية,جدة,جامعي,25.3,69.1,7.9,لا,نعم,62,67,73,70
S0186,أنثى,حكومية,الرياض,ثانوي,,93.1,,نعم,نعم,59,56,60,56
S0187,أنثى,حكومية,الدمام,ثانوي,19.6,87.4,8.6,نعم,نعم,89,72,84,85
S0188,ذكر,حكومية,الرياض,جامعي,16.0,99.4,7.7,لا,نعم,74,82,84,70
S0189,أنثى,حكومية,الرياض,ابتدائي,3.5,91.8,6.4,لا,نعم,42,45,51,47
S0190,ذكر,حكومية,جدة,جامعي,13.1,81.4,8.2,لا,لا,58,66,71,54
S0191,ذكر,حكومية,الرياض,ابتدائي,7.1,88.9,5.9,لا,نعم,41,45,65,49
S0192,ذكر,أهلية,الرياض,ثانوي,16.1,83.6,6.0,نعم,لا,63,70,72,70
S0193,ذكر,أهلية,جدة,ثانوي,9.7,95.4,7.6,نعم,نعم,65,68,77,63
S0194,أنثى,حكومية,الرياض,جامعي,23.6,93.9,6.7,لا,نعم,82,84,100,81
S0195,ذكر,حكومية,جدة,ثانوي,14.0,85.3,6.7,لا,لا,54,70,73,53
S0196,أنثى,حكومية,الدمام,دراسات عليا,15.0,83.5,6.1,نعم,نعم,62,74,71,57
S0197,أنثى,حكومية,جدة,جامعي,5.3,88.3,6.3,نعم,لا,64,67,60,54
S0198,ذكر,أهلية,الرياض,ثانوي,8.1,81.8,6.1,لا,نعم,63,51,61,53
S0199,أنثى,حكومية,جدة,ابتدائي,15.9,70.8,6.7,نعم,نعم,64,63,70,76
S0200,أنثى,حكومية,الدمام,ثانوي,11.2,96.1,6.7,نعم,نعم,76,84,87,82
S0201,أنثى,حكومية,أبها,جامعي,11.9,89.9,6.1,لا,نعم,73,65,82,79
S0202,أنثى,حكومية,جدة,ثانوي,21.1,100,4.9,لا,نعم,61,76,77,69
S0203,ذكر,حكومية,الرياض,جامعي,3.0,82.0,7.2,نعم,نعم,54,50,52,54
S0204,ذكر,حكومية,الرياض,جامعي,11.1,87.6,6.5,لا,نعم,63,58,68,58
S0205,أنثى,حكومية,أبها,جامعي,14.6,90.7,7.4,لا,نعم,82,77,92,92
S0206,ذكر,أهلية,جدة,دراسات عليا,11.7,91.9,7.4,لا,نعم,78,82,83,93
S0207,أنثى,حكومية,الرياض,ثانوي,8.7,94.4,6.3,نعم,نعم,57,56,59,55
S0208,ذكر,أهلية,الرياض,ابتدائي,9.0,95.0,6.8,لا,نعم,65,69,80,73
S0209,ذكر,حكومية,جدة,ثانوي,7.6,100,6.9,لا,نعم,60,57,71,46
S0210,ذكر,حكومية,جدة,دراسات عليا,13.8,100,7.7,نعم,لا,82,93,90,74
S0211,أنثى,حكومية,الرياض,دراسات عليا,4.8,79.7,7.7,لا,نعم,59,61,60,64
S0212,أنثى,حكومية,الرياض,جامعي,9.5,96.0,6.4,نعم,نعم,71,74,77,72
S0213,أنثى,حكومية,جدة,ابتدائي,19.5,96.4,5.8,نعم,نعم,73,62,84,65
S0214,ذكر,حكومية,أبها,جامعي,15.2,73.7,8.7,لا,نعم,75,74,68,83
S0215,أنثى,أهلية,الدمام,ثانوي,12.1,81.2,7.1,نعم,نعم,60,58,75,73
S0216,ذكر,حكومية,جدة,ابتدائي,6.5,88.9,8.8,لا,نعم,65,78,78,72
S0217,أنثى,حكومية,جدة,دراسات عليا,,80.7,7.4,نعم,نعم,69,72,85,75
S0218,أنثى,أهلية,الرياض,جامعي,16.1,89.5,7.1,لا,نعم,100,84,91,84
S0219,ذكر,حكومية,الرياض,جامعي,8.7,82.0,6.6,لا,نعم,69,54,71,50
S0220,ذكر,حكومية,أبها,جامعي,15.9,74.9,7.4,لا,نعم,71,67,69,57
S0221,ذكر,حكومية,جدة,دراسات عليا,9.5,73.8,6.3,لا,نعم,57,60,62,62
S0222,أنثى,حكومية,الرياض,دراسات عليا,12.0,86.5,8.0,لا,نعم,60,66,69,62
S0223,ذكر,حكومية,جدة,جامعي,19.9,84.3,8.2,نعم,نعم,81,72,83,78
S0224,ذكر,حكومية,الرياض,جامعي,13.1,63.7,4.7,نعم,نعم,42,71,58,58
S0225,أنثى,حكومية,جدة,ابتدائي,8.2,83.2,7.3,لا,نعم,48,52,52,64
S0226,ذكر,حكومية,جدة,جامعي,15.2,91.0,6.6,لا,نعم,90,79,94,86
S0227,ذكر,أهلية,الرياض,ثانوي,4.6,83.4,6.5,لا,نعم,55,51,63,61
S0228,أنثى,حكومية,الدمام,ثانوي,7.0,73.1,9.3,لا,نعم,59,60,63,56
S0229,ذكر,حكومية,الرياض,ابتدائي,11.5,85.3,8.5,لا,نعم,52,54,50,52
S0230,ذكر,حكومية,أبها,ثانوي,,77.6,5.8,نعم,نعم,54,71,66,65
S0231,ذكر,أهلية,الرياض,جامعي,13.8,89.8,8.4,لا,لا,71,78,79,80
S0232,أنثى,أهلية,الرياض,ثانوي,15.4,79.3,7.2,لا,نعم,63,63,69,60
S0233,أنثى,أهلية,الرياض,دراسات عليا,18.0,83.4,8.0,لا,نعم,88,83,83,87
S0234,أنثى,حكومية,الدمام,جامعي,17.6,93.6,8.1,لا,نعم,81,89,88,82
S0235,ذكر,أهلية,جدة,جامعي,11.6,93.3,6.1,لا,نعم,65,71,84,86
S0236,أنثى,أهلية,الدمام,ثانوي,10.7,69.1,7.0,نعم,نعم,47,51,66,67
S0237,ذكر,حكومية,الدمام,جامعي,12.3,84.1,6.8,لا,نعم,63,60,64,70
S0238,ذكر,حكومية,الدمام,ثانوي,19.0,92.7,4,نعم,نعم,83,74,89,64
S0239,أنثى,حكومية,جدة,دراسات عليا,9.7,87.8,6.6,لا,نعم,67,57,74,59
S0240,ذكر,حكومية,الرياض,ثانوي,14.4,95.0,7.5,نعم,نعم,77,68,85,68
S0241,ذكر,حكومية,جدة,جامعي,9.9,86.1,7.4,لا,لا,66,71,69,65
S0242,أنثى,حكومية,جدة,ابتدائي,16.1,72.8,7.1,لا,نعم,67,56,65,70
S0243,أنثى,أهلية,الرياض,جامعي,16.1,83.4,8.4,نعم,نعم,69,72,73,73
S0244,أنثى,أهلية,أبها,ثانوي,4.9,100,8.0,لا,نعم,46,49,57,66
S0245,ذكر,أهلية,جدة,جامعي,11.2,89.9,6.2,لا,نعم,64,68,75,70
S0246,أنثى,حكومية,الدمام,دراسات عليا,16.4,85.8,5.8,لا,نعم,70,71,73,73
S0247,ذكر,حكومية,جدة,جامعي,5.3,81.4,5.5,نعم,نعم,54,65,48,44
S0248,ذكر,حكومية,جدة,ثانوي,,93.4,6.9,لا,لا,56,50,54,52
S0249,ذكر,حكومية,جدة,جامعي,3.4,93.1,5.8,لا,نعم,57,57,56,44
S0250,أنثى,حكومية,أبها,ثانوي,17.8,100,7.8,نعم,نعم,99,98,100,92
S0251,ذكر,حكومية,جدة,ثانوي,7.7,94.8,7.4,لا,نعم,62,55,63,78
S0252,ذكر,أهلية,جدة,ابتدائي,7.5,80.6,6.8,نعم,نعم,51,55,58,57
S0253,أنثى,أهلية,الدمام,جامعي,10.5,93.3,6.7,لا,نعم,58,74,62,70
S0254,ذكر,حكومية,الرياض,دراسات عليا,,84.5,7.2,نعم,لا,64,64,59,63
S0255,أنثى,حكومية,جدة,ثانوي,0,89.2,5.7,لا,لا,32,41,38,34
S0256,أنثى,حكومية,جدة,جامعي,11.5,98.5,7.7,نعم,نعم,76,87,76,71
S0257,ذكر,حكومية,جدة,جامعي,11.9,91.0,6.7,نعم,نعم,66,71,73,58
S0258,ذكر,حكومية,الرياض,ثانوي,3.4,85.0,8.0,نعم,نعم,48,51,53,53
S0259,أنثى,أهلية,أبها,دراسات عليا,4.3,92.0,5.9,نعم,نعم,57,57,62,66
S0260,أنثى,حكومية,جدة,جامعي,17.4,98.4,7.0,نعم,نعم,83,82,95,79
S0261,أنثى,حكومية,الرياض,دراسات عليا,,89.6,7.9,نعم,نعم,82,74,82,69
S0262,ذكر,حكومية,الدمام,جامعي,14.3,90.4,7.3,نعم,نعم,53,57,67,63
S0263,ذكر,حكومية,أبها,جامعي,4.4,83.5,5.2,لا,لا,58,47,59,47
S0264,ذكر,حكومية,أبها,جامعي,4.5,84.7,6.3,نعم,نعم,53,63,58,60
S0265,ذكر,أهلية,جدة,جامعي,16.4,86.5,5.5,نعم,نعم,64,71,78,80
S0266,ذكر,حكومية,الرياض,دراسات عليا,19.7,85.6,7.0,لا,نعم,86,77,90,67
S0267,أنثى,حكومية,جدة,ثانوي,14.2,82.0,6.7,نعم,نعم,51,57,57,69
S0268,ذكر,حكومية,جدة,ثانوي,4.6,84.6,8.6,نعم,لا,51,61,50,41
S0269,أنثى,حكومية,الدمام,ثانوي,10.0,85.8,7.0,نعم,نعم,53,74,66,59
S0270,أنثى,أهلية,الرياض,ثانوي,19.7,84.4,7.8,نعم,نعم,80,91,94,97
S0271,أنثى,حكومية,جدة,ثانوي,22.7,85.4,,لا,لا,56,59,63,64
S0272,ذكر,حكومية,جدة,ثانوي,1.4,89.4,6.6,لا,نعم,35,58,52,51
S0273,أنثى,حكومية,جدة,جامعي,6.8,71.3,7.9,لا,نعم,53,55,66,58
S0274,أنثى,حكومية,الرياض,ابتدائي,4.2,85.9,7.3,لا,نعم,48,56,62,47
S0275,أنثى,أهلية,أبها,ثانوي,13.6,84.6,5.8,نعم,نعم,92,57,65,70
S0276,أنثى,حكومية,الرياض,ثانوي,,85.9,6.9,لا,نعم,67,61,72,74
S0277,أنثى,أهلية,جدة,جامعي,1.1,82.8,5.4,نعم,نعم,36,51,48,60
S0278,أنثى,حكومية,الدمام,ابتدائي,12.9,100,,لا,نعم,78,64,81,83
S0279,أنثى,حكومية,أبها,جامعي,11.4,72.2,5.3,نعم,نعم,47,51,56,54
S0280,ذكر,حكومية,جدة,ابتدائي,3.9,78.0,6.6,لا,نعم,37,45,48,47
S0281,ذكر,حكومية,الدمام,ثانوي,16.0,85.5,4.6,لا,نعم,67,65,83,74
S0282,أنثى,أهلية,الرياض,ثانوي,14.6,77.3,6.7,نعم,نعم,64,63,71,58
S0283,ذكر,أهلية,الرياض,جامعي,13.2,100,7.7,نعم,لا,76,83,80,74
S0284,ذكر,أهلية,أبها,جامعي,18.1,94.7,5.8,لا,نعم,58,69,66,63
S0285,أنثى,أهلية,الدمام,جامعي,11.8,89.6,5.8,لا,نعم,59,58,64,60
S0286,أنثى,أهلية,الرياض,جامعي,11.8,90.4,,لا,نعم,55,66,61,77
S0287,أنثى,حكومية,الرياض,ابتدائي,7.2,81.3,6.6,لا,نعم,50,56,53,52
S0288,أنثى,حكومية,أبها,ثانوي,12.4,82.6,5.5,لا,نعم,63,54,58,58
S0289,أنثى,حكومية,الرياض,جامعي,3.9,99.7,7.5,نعم,نعم,64,66,63,58
S0290,ذكر,حكومية,جدة,دراسات عليا,16.0,92.4,6.9,لا,نعم,76,78,89,82
S0291,ذكر,حكومية,الرياض,جامعي,2.3,87.4,6.1,نعم,نعم,40,50,54,46
S0292,أنثى,أهلية,الرياض,ثانوي,7.0,82.0,6.2,نعم,نعم,48,53,69,68
S0293,ذكر,حكومية,الرياض,ثانوي,17.0,88.9,7.5,لا,نعم,68,73,80,73
S0294,أنثى,حكومية,أبها,جامعي,21.6,97.9,7.2,نعم,نعم,92,97,92,90
S0295,ذكر,حكومية,جدة,ابتدائي,7.6,72.9,7.7,نعم,نعم,29,33,40,36
S0296,أنثى,حكومية,الرياض,ابتدائي,,73.8,8.7,لا,نعم,79,89,94,86
S0297,أنثى,حكومية,الرياض,دراسات عليا,16.9,81.8,7.3,لا,نعم,64,62,75,73
S0298,أنثى,حكومية,أبها,جامعي,3.6,77.9,6.7,لا,نعم,31,36,41,38
S0299,أنثى,حكومية,جدة,ثانوي,10.9,76.9,7.8,لا,نعم,55,61,61,42
S0300,ذكر,حكومية,الدمام,جامعي,0,87.0,7.8,لا,نعم,48,49,55,53
S0301,أنثى,حكومية,الرياض,دراسات عليا,11.4,77.5,9.0,نعم,لا,43,47,58,59
S0302,ذكر,حكومية,الرياض,جامعي,10.2,68.0,6.9,نعم,نعم,42,47,56,51
S0303,أنثى,حكومية,الدمام,دراسات عليا,8.5,95.6,7.1,لا,نعم,62,75,76,67
S0304,ذكر,حكومية,جدة,ثانوي,2.5,91.5,5.5,نعم,نعم,47,47,59,52
S0305,أنثى,حكومية,الدمام,جامعي,19.3,84.7,7.5,لا,نعم,65,70,91,65
S0306,أنثى,حكومية,جدة,ثانوي,11.0,80.9,9.3,نعم,نعم,73,70,71,62
S0307,ذكر,حكومية,الرياض,ثانوي,5.0,91.1,5.6,نعم,نعم,40,38,50,47
S0308,أنثى,أهلية,الرياض,ثانوي,9.2,85.0,5.5,نعم,نعم,60,70,72,79
S0309,أنثى,حكومية,الدمام,جامعي,8.4,72.6,7.5,نعم,نعم,63,50,66,59
S0310,أنثى,حكومية,جدة,ابتدائي,14.9,84.1,6.7,لا,نعم,66,73,81,67
S0311,ذكر,أهلية,الدمام,جامعي,11.2,90.5,5.8,لا,لا,58,78,65,64
S0312,ذكر,أهلية,جدة,جامعي,22.6,90.7,6.4,لا,نعم,100,88,91,100
S0313,أنثى,حكومية,الدمام,ثانوي,25.7,88.3,7.5,نعم,نعم,74,80,77,81
S0314,ذكر,أهلية,الرياض,ثانوي,14.8,87.7,7.0,لا,نعم,69,56,79,83
S0315,ذكر,أهلية,جدة,جامعي,7.7,92.5,7.8,لا,نعم,52,52,71,63
S0316,أنثى,حكومية,أبها,جامعي,19.2,95.1,6.7,لا,نعم,73,79,77,80
S0317,ذكر,أهلية,أبها,دراسات عليا,10.2,75.0,7.9,لا,نعم,61,70,77,76
S0318,ذكر,حكومية,أبها,ثانوي,18.3,91.7,6.0,لا,نعم,71,71,76,63
S0319,أنثى,أهلية,الرياض,ابتدائي,,83.7,6.0,نعم,نعم,54,67,61,60
S0320,ذكر,حكومية,الدمام,ثانوي,8.4,84.0,7.3,لا,لا,45,52,65,53
S0321,ذكر,حكومية,جدة,جامعي,9.8,90.9,6.6,لا,نعم,68,71,77,73
S0322,أنثى,أهلية,الرياض,ثانوي,7.0,99.4,6.5,لا,نعم,63,90,79,86
S0323,ذكر,حكومية,الرياض,جامعي,7.9,92.1,6.8,لا,نعم,49,69,77,59
S0324,ذكر,حكومية,الرياض,جامعي,13.4,88.8,7.7,لا,نعم,84,87,93,74
S0325,ذكر,حكومية,أبها,ابتدائي,3.3,71.4,8.9,نعم,نعم,51,32,47,28
S0326,ذكر,أهلية,الدمام,جامعي,16.4,89.4,8.2,لا,لا,64,74,71,70
S0327,ذكر,حكومية,الرياض,ثانوي,9.8,93.3,5.9,لا,لا,46,56,58,38
S0328,ذكر,أهلية,الدمام,جامعي,3.5,86.5,8.3,نعم,نعم,48,45,59,45
S0329,ذكر,حكومية,جدة,ثانوي,13.9,85.0,8.3,نعم,نعم,58,52,57,57
S0330,ذكر,حكومية,الرياض,دراسات عليا,19.0,89.5,7.9,لا,نعم,81,74,85,77
S0331,ذكر,حكومية,الرياض,ابتدائي,7.4,93.5,8.2,نعم,نعم,50,43,62,54
S0332,ذكر,حكومية,أبها,ثانوي,1.7,86.2,6.7,نعم,نعم,36,56,61,45
S0333,ذكر,أهلية,جدة,جامعي,6.0,78.8,6.5,لا,نعم,50,48,54,61
S0334,أنثى,أهلية,جدة,جامعي,16.2,80.7,7.7,نعم,نعم,57,78,78,80
S0335,ذكر,حكومية,جدة,ثانوي,4.7,94.5,6.7,لا,نعم,46,62,72,56
S0336,أنثى,أهلية,الرياض,ثانوي,7.7,95.3,6.8,لا,لا,67,76,73,75
S0337,أنثى,حكومية,أبها,جامعي,8.8,85.9,7.7,نعم,نعم,66,54,63,56
S0338,أنثى,أهلية,الدمام,جامعي,21.4,86.3,5.6,نعم,نعم,77,86,77,73
S0339,ذكر,حكومية,الرياض,جامعي,20.2,80.0,5.9,لا,نعم,66,73,77,69
S0340,أنثى,حكومية,الرياض,جامعي,7.9,79.1,7.1,نعم,نعم,49,38,58,49
S0341,أنثى,حكومية,الدمام,ثانوي,15.4,97.9,5.7,لا,نعم,67,63,80,64
S0342,أنثى,حكومية,الرياض,جامعي,13.7,100,6.7,لا,لا,78,89,83,85
S0343,أنثى,حكومية,أبها,ثانوي,14.7,86.5,6.9,لا,نعم,53,71,75,67
S0344,أنثى,حكومية,جدة,ثانوي,7.7,86.7,6.6,لا,نعم,57,64,72,59
S0345,أنثى,حكومية,الرياض,ثانوي,9.6,90.9,7.6,لا,نعم,56,63,59,58
S0346,أنثى,حكومية,جدة,جامعي,4.1,100,4.8,نعم,نعم,63,56,72,52
S0347,ذكر,حكومية,الرياض,دراسات عليا,16.9,74.0,7.2,نعم,نعم,73,81,81,78
S0348,أنثى,حكومية,الرياض,ثانوي,10.1,95.5,5.1,لا,نعم,61,65,69,62
S0349,أنثى,أهلية,أبها,ثانوي,14.9,88.4,7.1,لا,نعم,81,86,82,83
S0350,ذكر,حكومية,الرياض,جامعي,7.9,85.5,4.6,نعم,نعم,48,62,55,47
S0351,أنثى,حكومية,جدة,جامعي,17.1,81.1,5.9,لا,لا,62,58,76,56
S0352,أنثى,أهلية,جدة,جامعي,18.0,92.2,5.7,نعم,نعم,79,76,90,80
S0353,ذكر,حكومية,الرياض,جامعي,7.4,94.7,6.8,نعم,نعم,79,75,88,81
S0354,ذكر,حكومية,الرياض,جامعي,7.2,100,7.4,لا,نعم,64,66,72,69
S0355,ذكر,حكومية,جدة,جامعي,1.7,81.3,4.8,لا,نعم,55,48,46,47
S0356,ذكر,حكومية,الرياض,ثانوي,19.0,88.7,7.8,لا,نعم,58,79,80,75
S0357,أنثى,أهلية,الرياض,جامعي,,89.8,7.8,لا,نعم,100,93,100,90
S0358,أنثى,حكومية,أبها,جامعي,10.2,86.6,7.0,نعم,نعم,71,79,79,71
S0359,ذكر,أهلية,الرياض,ثانوي,5.8,85.5,8.7,نعم,نعم,84,66,75,73
S0360,أنثى,حكومية,الرياض,ثانوي,16.3,79.0,7.0,نعم,نعم,49,50,61,49
S0361,أنثى,حكومية,الدمام,ابتدائي,,91.6,7.2,لا,نعم,54,63,61,55
S0362,ذكر,حكومية,أبها,دراسات عليا,10.8,100,6.3,نعم,نعم,78,88,91,76
S0363,أنثى,أهلية,جدة,جامعي,0,100,8.8,لا,نعم,68,69,71,64
S0364,ذكر,حكومية,الدمام,جامعي,8.5,88.4,5.2,نعم,نعم,68,61,62,64
S0365,أنثى,حكومية,الرياض,ثانوي,25.0,71.4,6.7,لا,لا,63,68,70,59
S0366,ذكر,حكومية,الدمام,ابتدائي,4.8,89.7,5.6,نعم,نعم,51,59,65,69
S0367,أنثى,حكومية,الرياض,دراسات عليا,22.9,77.3,8.0,نعم,لا,65,62,80,69
S0368,أنثى,حكومية,الرياض,ثانوي,16.4,89.9,,لا,لا,78,85,83,82
S0369,ذكر,حكومية,الرياض,ثانوي,9.5,96.6,8.7,نعم,لا,63,71,69,51
S0370,أنثى,أهلية,أبها,جامعي,14.5,78.5,8.1,لا,نعم,59,71,64,66
S0371,أنثى,حكومية,الرياض,جامعي,10.5,90.2,9.8,لا,نعم,56,67,71,64
S0372,أنثى,حكومية,الدمام,دراسات عليا,9.1,86.0,6.0,لا,نعم,71,63,80,62
S0373,ذكر,حكومية,جدة,ابتدائي,2.2,92.4,6.9,لا,نعم,51,56,58,60
S0374,ذكر,حكومية,الرياض,ابتدائي,13.3,90.1,7.4,نعم,لا,55,70,76,75
S0375,ذكر,حكومية,أبها,ثانوي,7.1,81.0,5.4,لا,لا,58,47,51,37
S0376,ذكر,حكومية,الرياض,ابتدائي,10.9,83.7,6.7,نعم,لا,70,65,69,66
S0377,ذكر,حكومية,الرياض,ثانوي,11.5,83.5,6.5,لا,نعم,68,64,68,63
S0378,ذكر,حكومية,جدة,ثانوي,16.1,98.3,6.5,نعم,نعم,66,70,81,79
S0379,أنثى,حكومية,الدمام,ابتدائي,16.4,80.2,8.0,لا,نعم,72,68,70,64
S0380,أنثى,أهلية,الدمام,ابتدائي,8.6,74.2,,نعم,نعم,46,64,56,52
S0381,أنثى,حكومية,أبها,ثانوي,11.0,88.0,7.7,لا,نعم,56,63,71,56
S0382,ذكر,حكومية,الرياض,ثانوي,16.6,87.3,7.0,نعم,نعم,83,67,68,58
S0383,ذكر,حكومية,الدمام,جامعي,8.9,83.0,7.7,لا,نعم,61,68,67,66
S0384,ذكر,حكومية,أبها,ثانوي,5.0,89.8,7.7,لا,لا,61,63,66,64
S0385,ذكر,حكومية,الدمام,ثانوي,12.9,100,5.4,نعم,لا,58,64,68,64
S0386,أنثى,حكومية,الرياض,ثانوي,15.4,87.0,5.8,نعم,نعم,67,77,83,71
S0387,أنثى,حكومية,الرياض,ثانوي,10.8,81.0,7.0,لا,نعم,69,50,66,61
S0388,أنثى,حكومية,أبها,جامعي,9.4,88.8,7.8,نعم,نعم,64,66,75,66
S0389,أنثى,حكومية,جدة,جامعي,23.1,91.2,6.6,لا,نعم,95,93,100,99
S0390,ذكر,أهلية,جدة,جامعي,10.0,80.6,10,نعم,نعم,73,70,75,76
S0391,أنثى,حكومية,جدة,جامعي,26.3,87.9,7.6,نعم,نعم,91,100,100,100
S0392,أنثى,حكومية,الرياض,جامعي,16.1,86.5,6.1,لا,نعم,67,65,61,69
S0393,أنثى,حكومية,الرياض,جامعي,15.6,86.4,7.1,نعم,نعم,74,60,77,80
S0394,أنثى,حكومية,الرياض,جامعي,11.3,100,6.3,لا,نعم,66,63,78,83
S0395,أنثى,حكومية,الدمام,ثانوي,9.4,82.9,7.1,لا,نعم,58,54,67,61
S0396,ذكر,حكومية,أبها,ابتدائي,5.9,84.8,5.0,لا,نعم,37,48,53,50
S0397,ذكر,حكومية,أبها,ثانوي,12.5,89.9,8.0,لا,نعم,74,67,75,67
S0398,ذكر,حكومية,الرياض,جامعي,14.8,90.7,6.8,نعم,نعم,80,82,78,66
S0399,ذكر,حكومية,جدة,ثانوي,12.3,82.1,6.9,نعم,لا,58,55,66,67
S0400,ذكر,حكومية,جدة,ثانوي,15.3,94.1,4.6,لا,لا,57,74,71,67
S0401,ذكر,أهلية,أبها,ثانوي,15.0,77.4,5.9,لا,نعم,63,58,60,64
S0402,أنثى,حكومية,جدة,ثانوي,8.7,77.8,6.0,لا,نعم,43,40,56,44
S0403,ذكر,أهلية,الدمام,ثانوي,12.3,93.2,4.7,نعم,لا,57,59,70,64
S0404,أنثى,حكومية,أبها,جامعي,17.1,84.6,6.9,لا,نعم,67,67,80,79
S0405,ذكر,حكومية,الدمام,ابتدائي,11.3,94.8,4.4,نعم,نعم,66,63,68,71
S0406,ذكر,حكومية,أبها,ثانوي,13.0,79.4,5.5,لا,لا,57,59,60,52
S0407,أنثى,حكومية,جدة,جامعي,13.8,78.8,5.3,لا,نعم,58,66,67,58
S0408,ذكر,حكومية,الرياض,ثانوي,0,88.2,9.2,لا,لا,52,55,62,65
S0409,ذكر,حكومية,جدة,جامعي,7.5,85.6,8.1,نعم,نعم,62,69,79,69
S0410,ذكر,حكومية,الدمام,ثانوي,,79.8,8.7,لا,نعم,69,59,70,61
S0411,ذكر,حكومية,جدة,جامعي,3.2,84.6,5.1,نعم,نعم,53,52,56,46
S0412,ذكر,أهلية,جدة,جامعي,6.4,82.8,5.6,نعم,نعم,50,63,62,52
S0413,أنثى,حكومية,الدمام,ابتدائي,17.6,92.8,8.1,لا,نعم,72,84,84,82
S0414,أنثى,حكومية,أبها,جامعي,,87.3,7.2,لا,نعم,87,88,100,89
S0415,ذكر,حكومية,الرياض,ثانوي,8.3,100,6.6,لا,نعم,66,67,70,64
S0416,ذكر,حكومية,الدمام,دراسات عليا,5.3,76.2,7.1,نعم,نعم,56,49,50,34
S0417,أنثى,أهلية,الرياض,ابتدائي,16.1,100,7.7,لا,نعم,83,79,86,85
S0418,أنثى,حكومية,الرياض,ابتدائي,8.3,85.0,,نعم,لا,42,52,56,55
S0419,أنثى,حكومية,أبها,ثانوي,12.1,100,5.7,لا,نعم,64,72,79,74
S0420,أنثى,أهلية,جدة,جامعي,17.4,85.3,4.7,لا,نعم,61,77,82,73
S0421,ذكر,حكومية,جدة,ثانوي,10.5,100,7.8,نعم,لا,66,72,71,58
S0422,ذكر,حكومية,الدمام,جامعي,13.1,84.5,4.7,لا,لا,77,84,80,68
S0423,ذكر,أهلية,الرياض,ابتدائي,15.4,100,7.5,لا,نعم,70,86,93,86
S0424,أنثى,حكومية,الرياض,جامعي,13.9,100,5.9,لا,نعم,58,68,85,57
S0425,ذكر,حكومية,جدة,دراسات عليا,13.0,86.8,7.3,لا,نعم,66,80,80,74
S0426,أنثى,حكومية,جدة,دراسات عليا,22.0,81.5,7.0,نعم,نعم,76,77,82,76
S0427,أنثى,أهلية,جدة,دراسات عليا,15.0,74.6,6.5,لا,نعم,67,78,81,71
S0428,ذكر,حكومية,أبها,جامعي,2.2,88.3,7.6,نعم,لا,44,58,52,55
S0429,ذكر,حكومية,الدمام,ثانوي,0,95.1,4.6,لا,نعم,52,54,53,46
S0430,أنثى,حكومية,الدمام,ثانوي,14.7,93.0,8.5,لا,لا,65,62,69,65
S0431,أنثى,حكومية,الدمام,جامعي,8.4,100,7.6,نعم,نعم,78,66,83,91
S0432,أنثى,حكومية,جدة,ثانوي,25.7,87.2,,لا,نعم,100,100,100,98
S0433,أنثى,حكومية,الرياض,ابتدائي,16.7,92.7,9.2,نعم,نعم,83,81,93,86
S0434,أنثى,حكومية,الرياض,ابتدائي,,80.3,7.1,نعم,نعم,75,80,84,80
S0435,ذكر,حكومية,جدة,جامعي,8.9,82.8,7.4,لا,نعم,63,66,81,65
S0436,ذكر,حكومية,جدة,جامعي,11.3,81.6,7.2,لا,نعم,57,58,66,66
S0437,ذكر,حكومية,جدة,جامعي,14.6,96.2,7.0,لا,لا,71,65,84,74
S0438,أنثى,أهلية,الدمام,جامعي,21.4,81.6,5.9,لا,نعم,81,84,73,82
S0439,ذكر,حكومية,جدة,جامعي,19.0,98.0,8.2,لا,نعم,82,79,81,70
S0440,ذكر,حكومية,الرياض,ابتدائي,3.2,77.3,8.0,نعم,نعم,59,58,71,56
S0441,أنثى,حكومية,أبها,ابتدائي,10.7,96.4,5.5,نعم,نعم,53,69,74,57
S0442,أنثى,حكومية,أبها,دراسات عليا,16.1,87.0,6.4,نعم,نعم,62,74,83,76
S0443,أنثى,حكومية,الدمام,ابتدائي,4.9,100,6.4,لا,نعم,74,63,79,67
S0444,ذكر,حكومية,أبها,جامعي,6.0,83.5,7.1,نعم,نعم,64,54,59,61
S0445,أنثى,حكومية,الرياض,دراسات عليا,5.2,99.6,8.0,لا,لا,45,53,64,66
S0446,ذكر,حكومية,جدة,جامعي,15.8,82.2,5.9,نعم,لا,56,62,66,59
S0447,أنثى,حكومية,جدة,ثانوي,,89.5,7.0,نعم,لا,72,82,74,76
S0448,ذكر,حكومية,الدمام,ثانوي,9.2,86.1,8.3,لا,نعم,71,82,83,61
S0449,أنثى,حكومية,جدة,جامعي,6.7,84.2,5.1,نعم,نعم,60,56,61,64
S0450,ذكر,حكومية,الرياض,جامعي,15.4,82.0,6.7,لا,لا,65,79,76,74
S0451,أنثى,حكومية,جدة,ثانوي,8.2,75.6,7.6,نعم,نعم,33,35,48,45
S0452,ذكر,حكومية,أبها,ابتدائي,12.5,86.4,5.9,لا,نعم,58,75,70,75
S0453,ذكر,حكومية,أبها,دراسات عليا,7.9,84.3,7.9,نعم,نعم,71,76,74,64
S0454,ذكر,حكومية,جدة,دراسات عليا,13.9,85.4,6.1,لا,نعم,78,83,83,68
S0455,ذكر,حكومية,الرياض,ثانوي,8.6,99.6,6.9,نعم,نعم,64,60,67,54
S0456,أنثى,حكومية,الدمام,جامعي,11.3,91.8,6.7,نعم,لا,74,78,83,74
S0457,أنثى,حكومية,الرياض,ابتدائي,12.5,72.7,,لا,نعم,62,42,67,57
S0458,أنثى,حكومية,الرياض,دراسات عليا,12.6,83.0,5.9,نعم,نعم,68,74,90,68
S0459,ذكر,أهلية,أبها,ثانوي,22.0,78.4,6.8,لا,نعم,71,83,92,92
S0460,ذكر,حكومية,الرياض,جامعي,11.8,81.2,6.5,لا,نعم,44,50,52,53
S0461,أنثى,حكومية,الرياض,جامعي,15.6,100,7.3,لا,نعم,86,97,86,100
S0462,أنثى,حكومية,الرياض,ثانوي,17.2,93.7,7.0,لا,نعم,63,73,79,73
S0463,أنثى,حكومية,الرياض,دراسات عليا,7.4,97.9,7.6,نعم,نعم,64,67,68,63
S0464,ذكر,أهلية,الرياض,ثانوي,9.1,94.6,6.4,لا,نعم,60,69,72,86
S0465,ذكر,حكومية,الرياض,جامعي,13.8,85.9,7.1,نعم,لا,34,52,49,51
S0466,أنثى,حكومية,الرياض,جامعي,10.8,74.8,7.4,لا,نعم,67,70,83,68
S0467,أنثى,حكومية,الرياض,جامعي,21.4,70.3,6.3,لا,نعم,72,52,69,57
S0468,أنثى,أهلية,الدمام,دراسات عليا,21.2,89.1,6.6,نعم,نعم,70,75,74,77
S0469,أنثى,حكومية,الرياض,ثانوي,11.1,91.7,7.5,نعم,نعم,72,72,77,75
S0470,ذكر,حكومية,جدة,ثانوي,16.3,100,8.6,لا,لا,76,86,85,76
S0471,ذكر,حكومية,جدة,ثانوي,7.8,90.7,7.3,نعم,نعم,66,68,70,66
S0472,ذكر,حكومية,الرياض,دراسات عليا,6.5,71.0,5.8,نعم,نعم,48,55,56,28
S0473,أنثى,حكومية,الرياض,ثانوي,17.8,77.6,6.3,لا,نعم,65,66,84,80
S0474,ذكر,حكومية,أبها,ثانوي,0,93.7,6.0,لا,لا,53,47,51,33
S0475,أنثى,أهلية,الرياض,جامعي,12.9,97.9,7.3,لا,نعم,71,75,86,85
S0476,ذكر,أهلية,الرياض,ثانوي,3.5,90.2,,لا,نعم,51,56,62,66
S0477,ذكر,حكومية,جدة,جامعي,0.5,93.9,5.9,لا,نعم,40,49,42,45
S0478,ذكر,أهلية,الدمام,ثانوي,15.8,96.0,6.0,لا,لا,49,56,63,66
S0479,أنثى,حكومية,أبها,ثانوي,13.5,91.4,5.9,لا,نعم,65,64,65,51
S0480,أنثى,حكومية,جدة,دراسات عليا,14.5,84.9,7.5,لا,نعم,66,78,70,60
S0481,ذكر,أهلية,جدة,جامعي,10.8,89.8,7.2,لا,نعم,67,84,88,81
S0482,أنثى,أهلية,الدمام,ابتدائي,2.5,96.7,6.0,نعم,نعم,45,44,61,55
S0483,ذكر,حكومية,الدمام,جامعي,11.5,86.5,6.5,لا,نعم,61,68,72,72
S0484,ذكر,أهلية,الرياض,ثانوي,16.3,100,7.2,لا,نعم,76,74,77,71
S0485,أنثى,أهلية,الرياض,ثانوي,12.2,96.1,8.1,نعم,نعم,58,57,72,75
S0486,ذكر,أهلية,أبها,جامعي,7.6,99.9,8.2,لا,نعم,73,66,70,73
S0487,ذكر,حكومية,الرياض,ثانوي,13.6,100,5.3,نعم,نعم,67,72,70,83
S0488,أنثى,أهلية,جدة,ابتدائي,15.2,82.5,6.7,لا,نعم,59,66,67,63
S0489,ذكر,أهلية,الدمام,دراسات عليا,9.5,91.5,4.8,لا,نعم,71,66,71,66
S0490,ذكر,أهلية,جدة,جامعي,12.9,92.1,,نعم,نعم,70,67,73,79
S0491,أنثى,حكومية,جدة,ثانوي,11.6,84.0,9.2,لا,نعم,72,77,72,76
S0492,أنثى,أهلية,جدة,ثانوي,5.6,97.3,8.0,لا,نعم,63,66,68,69
S0493,ذكر,أهلية,جدة,ثانوي,4.2,100,8.1,نعم,نعم,80,67,64,63
S0494,ذكر,حكومية,جدة,دراسات عليا,11.7,84.5,6.1,لا,نعم,61,63,61,63
S0495,أنثى,حكومية,الدمام,ابتدائي,12.1,85.9,6.9,لا,لا,49,60,64,55
S0496,أنثى,حكومية,جدة,ثانوي,16.8,96.2,6.5,لا,نعم,71,86,82,76
S0497,أنثى,أهلية,الرياض,جامعي,20.0,82.0,5.9,نعم,نعم,77,67,76,73
S0498,أنثى,حكومية,جدة,جامعي,16.7,81.5,7.9,نعم,نعم,65,71,69,84
S0499,أنثى,حكومية,جدة,ثانوي,9.5,83.6,5.6,نعم,نعم,36,45,57,42
S0500,ذكر,حكومية,الرياض,ثانوي,16.6,95.9,7.3,نعم,نعم,60,58,75,77
S0501,ذكر,حكومية,الدمام,جامعي,18.8,82.5,5.9,نعم,نعم,61,73,76,74
S0502,ذكر,حكومية,جدة,ثانوي,15.7,86.8,6.5,نعم,نعم,65,77,81,67
S0503,ذكر,حكومية,الدمام,دراسات عليا,8.9,92.0,7.5,نعم,نعم,88,86,85,84
S0504,أنثى,حكومية,جدة,جامعي,23.3,96.6,6.6,نعم,نعم,96,99,88,90
S0505,أنثى,حكومية,أبها,جامعي,7.9,92.9,7.0,نعم,نعم,72,70,76,72
S0506,أنثى,حكومية,جدة,ثانوي,11.5,83.0,7.2,لا,نعم,56,63,73,58
S0507,ذكر,أهلية,الرياض,ابتدائي,9.9,93.3,6.1,لا,نعم,55,65,65,59
S0508,ذكر,أهلية,الدمام,ثانوي,21.6,80.9,7.2,لا,نعم,77,94,80,100
S0509,أنثى,حكومية,جدة,جامعي,9.3,100,5.8,نعم,نعم,80,85,78,77
S0510,ذكر,حكومية,الدمام,جامعي,9.0,72.0,7.3,لا,نعم,54,64,68,61
S0511,أنثى,حكومية,الرياض,جامعي,16.8,94.6,6.9,لا,نعم,76,78,83,74
S0512,ذكر,حكومية,جدة,ثانوي,,91.0,7.7,لا,نعم,46,71,69,76
S0513,أنثى,حكومية,أبها,ثانوي,14.7,85.7,5.1,لا,نعم,63,60,67,71
S0514,ذكر,أهلية,أبها,جامعي,8.6,72.3,7.2,نعم,نعم,45,62,55,68
S0515,ذكر,حكومية,الرياض,ثانوي,13.0,83.6,8.5,لا,نعم,83,74,86,72
S0516,أنثى,حكومية,جدة,جامعي,6.5,99.9,7.1,لا,نعم,53,54,61,58
S0517,أنثى,حكومية,جدة,جامعي,12.6,88.9,4.7,نعم,لا,50,52,57,53
S0518,ذكر,حكومية,أبها,جامعي,20.8,100,6.1,نعم,نعم,89,96,93,77
S0519,ذكر,حكومية,الدمام,ثانوي,4.2,82.3,6.7,نعم,نعم,46,49,54,49
S0520,ذكر,حكومية,جدة,ابتدائي,11.8,83.1,8.1,لا,نعم,55,54,59,54
S0521,أنثى,حكومية,أبها,ثانوي,17.1,65.7,6.0,نعم,نعم,54,54,57,56
S0522,أنثى,أهلية,الدمام,ثانوي,11.3,80.7,7.0,لا,نعم,56,60,62,63
S0523,أنثى,حكومية,الرياض,جامعي,7.5,78.2,9.3,لا,نعم,62,70,74,62
S0524,ذكر,حكومية,الدمام,ثانوي,11.1,80.4,7.2,نعم,نعم,67,72,74,70
S0525,ذكر,حكومية,جدة,جامعي,7.0,95.6,5.4,نعم,نعم,57,56,50,53
S0526,ذكر,أهلية,جدة,دراسات عليا,9.5,92.4,6.4,نعم,نعم,55,58,68,51
S0527,أنثى,أهلية,أبها,جامعي,13.6,84.9,,نعم,نعم,78,76,87,94
S0528,ذكر,حكومية,أبها,ابتدائي,18.0,78.1,8.2,لا,لا,74,57,68,75
S0529,ذكر,أهلية,الرياض,جامعي,20.6,79.8,7.5,نعم,نعم,67,84,83,76
S0530,ذكر,أهلية,الرياض,ثانوي,5.9,75.7,5.9,لا,نعم,50,55,58,71
S0531,أنثى,حكومية,جدة,ثانوي,5.7,76.5,6.4,لا,لا,42,64,71,59
S0532,أنثى,أهلية,الرياض,دراسات عليا,18.2,94.4,8.0,لا,نعم,84,82,81,95
S0533,ذكر,حكومية,جدة,جامعي,16.0,95.8,7.7,نعم,لا,76,85,87,72
S0534,أنثى,حكومية,جدة,جامعي,13.0,90.4,6.3,نعم,نعم,62,71,73,66
S0535,أنثى,أهلية,الدمام,ثانوي,0.7,93.4,6.2,لا,لا,46,52,58,52
S0536,ذكر,حكومية,الرياض,جامعي,17.9,83.5,8.1,نعم,نعم,71,57,67,71
S0537,ذكر,أهلية,الدمام,ابتدائي,13.8,100,6.1,لا,نعم,66,69,70,69
S0538,ذكر,حكومية,جدة,ثانوي,13.9,70.7,7.1,نعم,نعم,52,64,67,47
S0539,أنثى,حكومية,جدة,جامعي,13.0,87.4,7.6,نعم,نعم,73,63,62,67
S0540,أنثى,حكومية,جدة,جامعي,10.9,77.2,7.9,لا,نعم,74,74,75,69
S0541,أنثى,حكومية,الدمام,ثانوي,19.3,81.4,7.9,لا,نعم,74,73,87,77
S0542,أنثى,حكومية,الدمام,جامعي,19.0,90.7,6.3,نعم,نعم,86,78,83,69
S0543,أنثى,أهلية,الرياض,دراسات عليا,15.9,94.3,6.0,نعم,نعم,58,64,82,80
S0544,أنثى,حكومية,الدمام,ابتدائي,10.6,82.1,7.6,نعم,نعم,59,46,54,54
S0545,أنثى,أهلية,الرياض,ثانوي,10.2,88.5,6.3,لا,نعم,64,65,66,68
S0546,ذكر,حكومية,الرياض,جامعي,7.0,98.4,7.7,لا,نعم,73,71,67,67
S0547,ذكر,حكومية,جدة,ثانوي,11.6,96.7,8.4,لا,نعم,59,61,66,53
S0548,أنثى,حكومية,الرياض,دراسات عليا,12.7,99.1,6.7,لا,نعم,82,94,97,72
S0549,أنثى,أهلية,جدة,ابتدائي,8.8,90.3,,نعم,نعم,43,62,63,71
S0550,أنثى,حكومية,جدة,ثانوي,12.0,100,6.9,نعم,نعم,93,96,94,100
S0551,أنثى,حكومية,جدة,دراسات عليا,10.8,90.9,8.2,لا,لا,68,77,77,77
S0552,ذكر,حكومية,الرياض,جامعي,13.1,74.8,5.7,نعم,نعم,67,66,76,70
S0553,ذكر,أهلية,الرياض,ثانوي,6.7,83.2,7.7,لا,نعم,49,56,65,58
S0554,أنثى,حكومية,الرياض,ثانوي,9.5,93.7,6.7,لا,لا,48,63,75,63
S0555,أنثى,أهلية,الرياض,ثانوي,11.8,73.7,8.3,نعم,نعم,57,60,62,61
S0556,ذكر,حكومية,جدة,ثانوي,6.6,83.4,6.9,لا,نعم,23,36,41,43
S0557,أنثى,حكومية,أبها,ثانوي,17.0,92.6,5.3,نعم,نعم,71,68,78,64
S0558,ذكر,أهلية,جدة,ثانوي,15.8,90.0,6.7,لا,نعم,74,68,74,79
S0559,أنثى,أهلية,الرياض,جامعي,6.9,84.0,5.5,لا,نعم,53,60,70,71
S0560,أنثى,حكومية,جدة,دراسات عليا,15.4,78.3,7.5,لا,نعم,74,80,75,71
S0561,أنثى,حكومية,جدة,دراسات عليا,13.7,92.9,6.2,نعم,نعم,66,67,83,75
S0562,ذكر,أهلية,جدة,دراسات عليا,10.3,77.0,5.7,نعم,نعم,62,57,65,75
S0563,أنثى,حكومية,الرياض,جامعي,18.9,99.6,5.3,نعم,لا,79,79,84,73
S0564,ذكر,حكومية,الرياض,جامعي,10.0,95.6,6.8,نعم,نعم,65,69,68,64
S0565,ذكر,حكومية,الدمام,دراسات عليا,16.3,86.0,,لا,نعم,68,76,75,70
S0566,أنثى,أهلية,أبها,جامعي,,88.8,6.8,نعم,نعم,80,77,81,89
S0567,ذكر,حكومية,الرياض,دراسات عليا,13.7,82.7,6.9,نعم,نعم,67,72,78,70
S0568,ذكر,حكومية,جدة,ابتدائي,13.0,84.3,7.1,لا,نعم,50,64,77,57
S0569,أنثى,أهلية,جدة,جامعي,16.9,89.2,7.9,نعم,لا,63,69,76,82
S0570,ذكر,حكومية,الدمام,ثانوي,20.3,78.1,,لا,نعم,63,74,78,81
S0571,ذكر,أهلية,الرياض,جامعي,1.5,91.3,7.7,نعم,نعم,59,54,63,61
S0572,أنثى,حكومية,الدمام,ثانوي,11.4,95.7,6.2,لا,نعم,53,56,64,61
S0573,ذكر,أهلية,جدة,ثانوي,4.1,84.8,6.5,نعم,نعم,49,52,44,52
S0574,ذكر,حكومية,أبها,جامعي,13.2,94.4,6.5,نعم,نعم,82,80,73,91
S0575,أنثى,حكومية,أبها,جامعي,11.8,85.0,9.0,نعم,لا,62,46,60,66
S0576,ذكر,أهلية,الدمام,جامعي,2.0,100,6.6,لا,نعم,69,57,67,63
S0577,ذكر,حكومية,الرياض,ثانوي,11.4,84.1,7.3,لا,نعم,59,50,59,57
S0578,أنثى,حكومية,الرياض,ابتدائي,14.7,89.2,7.1,نعم,نعم,63,68,74,65
S0579,أنثى,حكومية,الرياض,ابتدائي,16.4,87.9,8.5,نعم,نعم,71,77,75,76
S0580,ذكر,حكومية,الدمام,دراسات عليا,6.9,91.0,4,نعم,نعم,42,47,58,47
S0581,أنثى,حكومية,جدة,ثانوي,8.7,100,8.2,لا,نعم,64,58,80,64
S0582,أنثى,حكومية,الدمام,ثانوي,21.5,95.1,5.7,لا,نعم,82,83,81,83
S0583,أنثى,حكومية,الرياض,ابتدائي,12.4,78.0,,نعم,نعم,69,59,72,52
S0584,أنثى,حكومية,الدمام,جامعي,10.4,92.4,6.7,لا,نعم,83,77,93,81
S0585,ذكر,حكومية,الرياض,دراسات عليا,13.6,92.0,6.5,نعم,نعم,68,72,87,85
S0586,ذكر,حكومية,الرياض,ابتدائي,9.6,92.0,7.6,نعم,نعم,58,59,66,66
S0587,ذكر,أهلية,جدة,جامعي,18.1,88.8,7.8,لا,لا,78,84,86,80
S0588,ذكر,حكومية,الرياض,ابتدائي,14.8,77.9,8.1,لا,نعم,58,54,64,52
S0589,ذكر,حكومية,أبها,ابتدائي,8.9,90.6,4.2,نعم,لا,47,55,49,39
S0590,ذكر,حكومية,الرياض,جامعي,9.3,84.8,6.7,نعم,نعم,56,56,77,54
S0591,ذكر,حكومية,الرياض,ثانوي,8.1,88.8,6.2,نعم,نعم,57,35,53,49
S0592,أنثى,حكومية,الرياض,ثانوي,19.0,87.4,8.0,نعم,نعم,66,77,83,85
S0593,ذكر,حكومية,أبها,ثانوي,13.8,98.3,6.8,لا,نعم,70,86,86,76
S0594,ذكر,حكومية,جدة,جامعي,7.5,75.5,5.8,لا,نعم,55,62,63,57
S0595,أنثى,حكومية,الرياض,جامعي,4.8,78.6,7.6,نعم,نعم,58,48,67,69
S0596,أنثى,حكومية,الرياض,جامعي,11.3,78.8,7.4,نعم,نعم,52,63,68,65
S0597,أنثى,حكومية,أبها,ثانوي,10.6,71.9,5.4,لا,نعم,42,47,49,40
S0598,أنثى,حكومية,أبها,ابتدائي,9.5,73.4,5.8,نعم,نعم,52,63,71,55
S0599,أنثى,حكومية,الرياض,ثانوي,15.1,96.9,8.2,نعم,نعم,67,69,67,56
S0600,ذكر,حكومية,الرياض,جامعي,12.1,95.3,5.5,لا,نعم,61,61,84,63
